{"cameraMode":{"drawMode":0,"name":"Shaded","section":"Shading Mode"},"sceneLighting":true,"audioPlay":false,"sceneViewState":{"showFog":true,"showMaterialUpdate":false,"showSkybox":true,"showFlares":true,"showImageEffects":true,"showParticleSystems":true},"in2DMode":false,"pivot":{"x":0.04509928822517395,"y":1.2988861799240113,"z":0.04259171709418297},"rotation":{"x":-0.0025965552777051927,"y":0.997399091720581,"z":-0.05241164192557335,"w":-0.04941191524267197},"size":3.460388660430908,"orthographic":true}