{"cameraMode":{"drawMode":0,"name":"Shaded","section":"Shading Mode"},"sceneLighting":false,"audioPlay":false,"sceneViewState":{"showFog":true,"showMaterialUpdate":false,"showSkybox":false,"showFlares":true,"showImageEffects":true,"showParticleSystems":true},"in2DMode":false,"pivot":{"x":-0.004100009799003601,"y":-0.00945650041103363,"z":0.2537265717983246},"rotation":{"x":-0.013385734520852566,"y":0.9632464647293091,"z":-0.2637982964515686,"w":-0.048877499997615817},"size":0.9004769921302795,"orthographic":false}