{"cameraMode":{"drawMode":0,"name":"Shaded","section":"Shading Mode"},"sceneLighting":true,"audioPlay":false,"sceneViewState":{"showFog":true,"showMaterialUpdate":false,"showSkybox":true,"showFlares":true,"showImageEffects":true,"showParticleSystems":true},"in2DMode":false,"pivot":{"x":-0.07685711979866028,"y":-0.8840660452842712,"z":7.264291763305664},"rotation":{"x":-0.1310088336467743,"y":0.013391057029366494,"z":-0.0017694782000035048,"w":-0.9912915825843811},"size":10.867942810058594,"orthographic":false}