{"cameraMode":{"drawMode":0,"name":"Shaded","section":"Shading Mode"},"sceneLighting":true,"audioPlay":false,"sceneViewState":{"showFog":true,"showMaterialUpdate":false,"showSkybox":true,"showFlares":true,"showImageEffects":true,"showParticleSystems":true},"in2DMode":false,"pivot":{"x":3.5209903717041017,"y":1.3999998569488526,"z":2.5030086040496828},"rotation":{"x":-0.021432025358080865,"y":0.9767686724662781,"z":-0.11777815222740174,"w":-0.177742138504982},"size":16.163158416748048,"orthographic":true}