{"cameraMode":{"drawMode":0,"name":"Shaded","section":"Shading Mode"},"sceneLighting":false,"audioPlay":false,"sceneViewState":{"showFog":true,"showMaterialUpdate":false,"showSkybox":false,"showFlares":true,"showImageEffects":true,"showParticleSystems":true},"in2DMode":false,"pivot":{"x":-0.07177811861038208,"y":0.9560784101486206,"z":3.890570878982544},"rotation":{"x":-0.021432025358080865,"y":0.9767686724662781,"z":-0.11777815222740174,"w":-0.177742138504982},"size":2.9160335063934328,"orthographic":true}