{"cameraMode":{"drawMode":0,"name":"Shaded","section":"Shading Mode"},"sceneLighting":true,"audioPlay":false,"sceneViewState":{"showFog":true,"showMaterialUpdate":false,"showSkybox":true,"showFlares":true,"showImageEffects":true,"showParticleSystems":true},"in2DMode":false,"pivot":{"x":0.01909661293029785,"y":1.399999976158142,"z":1.9713383913040162},"rotation":{"x":-0.17739996314048768,"y":-0.4729151725769043,"z":0.09783469885587692,"w":-0.8575079441070557},"size":15.893369674682618,"orthographic":true}