{"cameraMode":{"drawMode":0,"name":"Shaded","section":"Shading Mode"},"sceneLighting":true,"audioPlay":false,"sceneViewState":{"showFog":true,"showMaterialUpdate":false,"showSkybox":true,"showFlares":true,"showImageEffects":true,"showParticleSystems":true},"in2DMode":false,"pivot":{"x":-0.000977635383605957,"y":-0.5202376842498779,"z":3.9137024879455568},"rotation":{"x":0.06567437201738358,"y":0.9332458972930908,"z":-0.27189916372299197,"w":0.22541579604148866},"size":5.557037353515625,"orthographic":true}