{"cameraMode":{"drawMode":0,"name":"Shaded","section":"Shading Mode"},"sceneLighting":false,"audioPlay":false,"sceneViewState":{"showFog":true,"showMaterialUpdate":false,"showSkybox":false,"showFlares":true,"showImageEffects":true,"showParticleSystems":true},"in2DMode":false,"pivot":{"x":-0.06300000101327896,"y":1.7640000581741334,"z":-2.390000104904175},"rotation":{"x":0.06213808059692383,"y":0.7151885628700256,"z":-0.06410663574934006,"w":0.6932127475738525},"size":22.0,"orthographic":true}