{"cameraMode":{"drawMode":0,"name":"Shaded","section":"Shading Mode"},"sceneLighting":true,"audioPlay":false,"sceneViewState":{"showFog":true,"showMaterialUpdate":false,"showSkybox":false,"showFlares":true,"showImageEffects":true,"showParticleSystems":true},"in2DMode":false,"pivot":{"x":12.653833389282227,"y":3.821793794631958,"z":0.0},"rotation":{"x":-0.006048040930181742,"y":-0.9938265681266785,"z":0.08607904613018036,"w":-0.06988581269979477},"size":11.780489921569825,"orthographic":true}