{"cameraMode":{"drawMode":0,"name":"Shaded","section":"Shading Mode"},"sceneLighting":true,"audioPlay":false,"sceneViewState":{"showFog":true,"showMaterialUpdate":false,"showSkybox":true,"showFlares":true,"showImageEffects":true,"showParticleSystems":true},"in2DMode":false,"pivot":{"x":0.01864337921142578,"y":1.399999976158142,"z":1.9713383913040162},"rotation":{"x":-0.00048032376798801124,"y":0.996408998966217,"z":-0.08449799567461014,"w":-0.005668560042977333},"size":1334.884521484375,"orthographic":true}