{"cameraMode":{"drawMode":0,"name":"Shaded","section":"Shading Mode"},"sceneLighting":true,"audioPlay":false,"sceneViewState":{"showFog":true,"showMaterialUpdate":false,"showSkybox":true,"showFlares":true,"showImageEffects":true,"showParticleSystems":true},"in2DMode":false,"pivot":{"x":-0.059999942779541019,"y":-0.3124271035194397,"z":4.636989593505859},"rotation":{"x":0.03750874474644661,"y":0.928623616695404,"z":-0.09786540269851685,"w":0.3559121787548065},"size":5.638850212097168,"orthographic":true}