{"cameraMode":{"drawMode":0,"name":"Shaded","section":"Shading Mode"},"sceneLighting":true,"audioPlay":false,"sceneViewState":{"showFog":true,"showMaterialUpdate":false,"showSkybox":false,"showFlares":true,"showImageEffects":true,"showParticleSystems":true},"in2DMode":false,"pivot":{"x":-16.701427459716798,"y":2.4557340145111086,"z":-47.536563873291019},"rotation":{"x":-0.18186457455158235,"y":0.03509180620312691,"z":-0.006494160741567612,"w":-0.9826780557632446},"size":76.1883544921875,"orthographic":true}