{"cameraMode":{"drawMode":0,"name":"Shaded","section":"Shading Mode"},"sceneLighting":true,"audioPlay":false,"sceneViewState":{"showFog":true,"showMaterialUpdate":false,"showSkybox":true,"showFlares":true,"showImageEffects":true,"showParticleSystems":true},"in2DMode":false,"pivot":{"x":0.27098405361175539,"y":0.9968205690383911,"z":0.4377845823764801},"rotation":{"x":0.02531886287033558,"y":0.9703801870346069,"z":-0.209872767329216,"w":0.11700524389743805},"size":1.7385637760162354,"orthographic":true}