{"cameraMode":{"drawMode":0,"name":"Shaded","section":"Shading Mode"},"sceneLighting":true,"audioPlay":false,"sceneViewState":{"showFog":true,"showMaterialUpdate":false,"showSkybox":true,"showFlares":true,"showImageEffects":true,"showParticleSystems":true},"in2DMode":false,"pivot":{"x":-0.10136564075946808,"y":1.9500000476837159,"z":4.699999809265137},"rotation":{"x":-0.050709277391433719,"y":0.9485303163528442,"z":-0.20068514347076417,"w":-0.2396753579378128},"size":73.94840240478516,"orthographic":true}