{"cameraMode":{"drawMode":0,"name":"Shaded","section":"Shading Mode"},"sceneLighting":true,"audioPlay":false,"sceneViewState":{"showFog":true,"showMaterialUpdate":false,"showSkybox":true,"showFlares":true,"showImageEffects":true,"showParticleSystems":true},"in2DMode":false,"pivot":{"x":0.597543478012085,"y":0.2444351613521576,"z":0.08038640767335892},"rotation":{"x":0.13546419143676759,"y":0.7072556614875794,"z":-0.141018807888031,"w":0.6793839931488037},"size":1.8579490184783936,"orthographic":false}