{"cameraMode":{"drawMode":0,"name":"Shaded","section":"Shading Mode"},"sceneLighting":true,"audioPlay":false,"sceneViewState":{"showFog":true,"showMaterialUpdate":false,"showSkybox":true,"showFlares":true,"showImageEffects":true,"showParticleSystems":true},"in2DMode":false,"pivot":{"x":0.6472550630569458,"y":1.7560547590255738,"z":-5.240211486816406},"rotation":{"x":0.00028994199237786233,"y":-0.9977790117263794,"z":0.06685079634189606,"w":0.004186820704489946},"size":5.740789413452148,"orthographic":true}