{"cameraMode":{"drawMode":0,"name":"Shaded","section":"Shading Mode"},"sceneLighting":true,"audioPlay":false,"sceneViewState":{"showFog":true,"showMaterialUpdate":false,"showSkybox":true,"showFlares":true,"showImageEffects":true,"showParticleSystems":true},"in2DMode":false,"pivot":{"x":-0.037847936153411868,"y":2.038599967956543,"z":0.4437445402145386},"rotation":{"x":0.09511170536279679,"y":0.9013689160346985,"z":-0.25383260846138,"w":0.3377346396446228},"size":6.656075477600098,"orthographic":true}