{"cameraMode":{"drawMode":0,"name":"Shaded","section":"Shading Mode"},"sceneLighting":true,"audioPlay":false,"sceneViewState":{"showFog":true,"showMaterialUpdate":false,"showSkybox":false,"showFlares":true,"showImageEffects":true,"showParticleSystems":true},"in2DMode":false,"pivot":{"x":-7.069399833679199,"y":1.4263997077941895,"z":2.5400002002716066},"rotation":{"x":-0.03440232574939728,"y":0.962481677532196,"z":-0.22576181590557099,"w":-0.14664959907531739},"size":6.173741817474365,"orthographic":true}