{"cameraMode":{"drawMode":0,"name":"Shaded","section":"Shading Mode"},"sceneLighting":true,"audioPlay":false,"sceneViewState":{"showFog":true,"showMaterialUpdate":false,"showSkybox":true,"showFlares":true,"showImageEffects":true,"showParticleSystems":true},"in2DMode":false,"pivot":{"x":601.728271484375,"y":837.4964599609375,"z":-5.948190689086914},"rotation":{"x":0.07633867114782334,"y":0.04725995287299156,"z":-0.003624581964686513,"w":0.9959805011749268},"size":1367.6412353515625,"orthographic":true}