{"cameraMode":{"drawMode":0,"name":"Shaded","section":"Shading Mode"},"sceneLighting":true,"audioPlay":false,"sceneViewState":{"showFog":true,"showMaterialUpdate":false,"showSkybox":true,"showFlares":true,"showImageEffects":true,"showParticleSystems":true},"in2DMode":false,"pivot":{"x":-2.303485155105591,"y":2.0867457389831545,"z":5.020438194274902},"rotation":{"x":0.07819756120443344,"y":0.9189745783805847,"z":-0.23308628797531129,"w":0.3083133101463318},"size":3.345456600189209,"orthographic":true}