{"cameraMode":{"drawMode":0,"name":"Shaded","section":"Shading Mode"},"sceneLighting":true,"audioPlay":false,"sceneViewState":{"showFog":true,"showMaterialUpdate":false,"showSkybox":true,"showFlares":true,"showImageEffects":true,"showParticleSystems":true},"in2DMode":false,"pivot":{"x":0.9861060380935669,"y":1.4209644794464112,"z":4.331601619720459},"rotation":{"x":-0.028736624866724016,"y":0.9686021208763123,"z":-0.20735949277877809,"w":-0.13422918319702149},"size":6.145327568054199,"orthographic":true}