{"cameraMode":{"drawMode":0,"name":"Shaded","section":"Shading Mode"},"sceneLighting":true,"audioPlay":false,"sceneViewState":{"showFog":true,"showMaterialUpdate":false,"showSkybox":true,"showFlares":true,"showImageEffects":true,"showParticleSystems":true},"in2DMode":false,"pivot":{"x":368.99627685546877,"y":1468.3782958984375,"z":-125.31674194335938},"rotation":{"x":-0.04064678028225899,"y":0.9560551047325134,"z":-0.16067086160182954,"w":-0.24187128245830537},"size":924.882080078125,"orthographic":true}