{"cameraMode":{"drawMode":0,"name":"Shaded","section":"Shading Mode"},"sceneLighting":true,"audioPlay":false,"sceneViewState":{"showFog":true,"showMaterialUpdate":false,"showSkybox":true,"showFlares":true,"showImageEffects":true,"showParticleSystems":true},"in2DMode":false,"pivot":{"x":-0.421433687210083,"y":1.3391423225402833,"z":2.1647000312805177},"rotation":{"x":-0.029615163803100587,"y":0.9703966975212097,"z":-0.1711743324995041,"w":-0.1678791344165802},"size":3.6712820529937746,"orthographic":true}