{"cameraMode":{"drawMode":0,"name":"Shaded","section":"Shading Mode"},"sceneLighting":false,"audioPlay":false,"sceneViewState":{"showFog":true,"showMaterialUpdate":false,"showSkybox":false,"showFlares":true,"showImageEffects":true,"showParticleSystems":true},"in2DMode":false,"pivot":{"x":-0.07073414325714112,"y":0.9534940719604492,"z":3.8984851837158205},"rotation":{"x":0.07227641344070435,"y":0.8971139788627625,"z":-0.15991318225860597,"w":0.40547284483909609},"size":3.862614393234253,"orthographic":true}