{"cameraMode":{"drawMode":0,"name":"Shaded","section":"Shading Mode"},"sceneLighting":true,"audioPlay":false,"sceneViewState":{"showFog":true,"showMaterialUpdate":false,"showSkybox":false,"showFlares":true,"showImageEffects":true,"showParticleSystems":true},"in2DMode":false,"pivot":{"x":4.76837158203125e-7,"y":5.568047523498535,"z":6.863776206970215},"rotation":{"x":0.7400573492050171,"y":-0.014118615537881852,"z":0.015543493442237378,"w":0.6722162961959839},"size":119.94760131835938,"orthographic":true}