{"cameraMode":{"drawMode":0,"name":"Shaded","section":"Shading Mode"},"sceneLighting":false,"audioPlay":false,"sceneViewState":{"showFog":true,"showMaterialUpdate":false,"showSkybox":false,"showFlares":true,"showImageEffects":true,"showParticleSystems":true},"in2DMode":false,"pivot":{"x":0.00522187352180481,"y":0.3701523542404175,"z":0.16044557094573975},"rotation":{"x":0.07227641344070435,"y":0.8971139788627625,"z":-0.15991318225860597,"w":0.40547284483909609},"size":2.4764645099639894,"orthographic":true}