{"cameraMode":{"drawMode":0,"name":"Shaded","section":"Shading Mode"},"sceneLighting":true,"audioPlay":false,"sceneViewState":{"showFog":true,"showMaterialUpdate":false,"showSkybox":true,"showFlares":true,"showImageEffects":true,"showParticleSystems":true},"in2DMode":false,"pivot":{"x":-0.059999823570251468,"y":1.399999976158142,"z":1.433172345161438},"rotation":{"x":0.0502304844558239,"y":0.9447234869003296,"z":-0.17337526381015778,"w":0.27370622754096987},"size":15.752269744873047,"orthographic":true}