{"cameraMode":{"drawMode":0,"name":"Shaded","section":"Shading Mode"},"sceneLighting":true,"audioPlay":false,"sceneViewState":{"showFog":true,"showMaterialUpdate":false,"showSkybox":true,"showFlares":true,"showImageEffects":true,"showParticleSystems":true},"in2DMode":false,"pivot":{"x":-0.05999999865889549,"y":1.399999976158142,"z":5.480000019073486},"rotation":{"x":-0.023491270840168,"y":0.9665859341621399,"z":-0.09600668400526047,"w":-0.23653961718082429},"size":9.899759292602539,"orthographic":true}