{"cameraMode":{"drawMode":0,"name":"Shaded","section":"Shading Mode"},"sceneLighting":true,"audioPlay":false,"sceneViewState":{"showFog":true,"showMaterialUpdate":false,"showSkybox":true,"showFlares":true,"showImageEffects":true,"showParticleSystems":true},"in2DMode":false,"pivot":{"x":-1.2909705638885499,"y":3.052863121032715,"z":1.8952934741973878},"rotation":{"x":0.12202138453722,"y":0.875802218914032,"z":-0.2955874800682068,"w":0.3615396320819855},"size":7.352675914764404,"orthographic":true}