{"cameraMode":{"drawMode":0,"name":"Shaded","section":"Shading Mode"},"sceneLighting":true,"audioPlay":false,"sceneViewState":{"showFog":true,"showMaterialUpdate":false,"showSkybox":true,"showFlares":true,"showImageEffects":true,"showParticleSystems":true},"in2DMode":false,"pivot":{"x":-1.2909705638885499,"y":3.052863121032715,"z":1.8952934741973878},"rotation":{"x":1.2798201964869805e-7,"y":0.9885465502738953,"z":-0.15092140436172486,"w":1.5060349767281878e-7},"size":14.281047821044922,"orthographic":true}