{"cameraMode":{"drawMode":0,"name":"Shaded","section":"Shading Mode"},"sceneLighting":true,"audioPlay":false,"sceneViewState":{"showFog":true,"showMaterialUpdate":false,"showSkybox":false,"showFlares":true,"showImageEffects":true,"showParticleSystems":true},"in2DMode":false,"pivot":{"x":12.6899995803833,"y":3.821793794631958,"z":0.03616619110107422},"rotation":{"x":-0.03440232574939728,"y":0.962481677532196,"z":-0.22576181590557099,"w":-0.14664959907531739},"size":13.456037521362305,"orthographic":true}