{"cameraMode":{"drawMode":0,"name":"Shaded","section":"Shading Mode"},"sceneLighting":true,"audioPlay":false,"sceneViewState":{"showFog":true,"showMaterialUpdate":false,"showSkybox":true,"showFlares":true,"showImageEffects":true,"showParticleSystems":true},"in2DMode":false,"pivot":{"x":-0.011955678462982178,"y":1.1368484497070313,"z":4.713669776916504},"rotation":{"x":0.09511170536279679,"y":0.9013689160346985,"z":-0.25383260846138,"w":0.3377346396446228},"size":7.270323753356934,"orthographic":true}