{"cameraMode":{"drawMode":0,"name":"Shaded","section":"Shading Mode"},"sceneLighting":true,"audioPlay":false,"sceneViewState":{"showFog":true,"showMaterialUpdate":false,"showSkybox":true,"showFlares":true,"showImageEffects":true,"showParticleSystems":true},"in2DMode":false,"pivot":{"x":0.2033413052558899,"y":0.6255886554718018,"z":1.5860159397125245},"rotation":{"x":0.09251470863819123,"y":-0.7543774247169495,"z":0.10892326384782791,"w":0.6407053470611572},"size":1.1691871881484986,"orthographic":true}