{"cameraMode":{"drawMode":0,"name":"Shaded","section":"Shading Mode"},"sceneLighting":true,"audioPlay":false,"sceneViewState":{"showFog":true,"showMaterialUpdate":false,"showSkybox":true,"showFlares":true,"showImageEffects":true,"showParticleSystems":true},"in2DMode":false,"pivot":{"x":-0.23369520902633668,"y":1.2482584714889527,"z":-0.23867551982402802},"rotation":{"x":-0.002074391581118107,"y":0.9874892830848694,"z":-0.15714195370674134,"w":-0.01303467433899641},"size":4.495338439941406,"orthographic":false}